<?xml version="1.0" encoding="utf-8"?>
<!--/901469/1039922/2.49/2/4/Resettable Fuse/-->
<quadcept_library>
  <setting unit="mil" />
  <textstyle name="Default" height="47.244094488189" strokewidth="7.8740157480315" charwidth="47.244094488189" />
  <textstyle name="Dimension" height="19.6850393700787" strokewidth="0" charwidth="19.6850393700787" />
  <textstyle name="H127W0635TH00762" height="50" strokewidth="3" charwidth="25" />
  <textstyle name="H15W15TH02" height="59.0551181102362" strokewidth="7.8740157480315" charwidth="59.0551181102362" />
  <padstyle name="r315_178" surface="True" plated="False" isvia="False" nopaste="False" nomask="True" complex="False" holesize="0">
    <padshape layer="TOP" shape="rectangle" width="70.078740157479" height="124.01574803149" />
    <padshape layer="TOP_SOLDER_MASK" shape="rectangle" width="77.952755905511" height="131.88976377953" />
    <padshape layer="TOP_SOLDER_PASTE" shape="rectangle" width="70.078740157479" height="124.01574803149" />
  </padstyle>
  <footprint name="1812L010DR" originx="0" originy="0" pickpointx="0" pickpointy="0">
    <pcbpin number="1" name="1" style="r315_178" originx="-102.95275590551" originy="0" rotation="0" />
    <pcbpin number="2" name="2" style="r315_178" originx="102.95275590551" originy="0" rotation="0" />
    <line layer="TOP_ASSEMBLY" originx="-89.566929133857" originy="63.779527559054" endx="89.566929133857" endy="63.779527559054" width="3.9370078740157" />
    <line layer="TOP_ASSEMBLY" originx="89.566929133857" originy="63.779527559054" endx="89.566929133857" endy="-63.779527559054" width="3.9370078740157" />
    <line layer="TOP_ASSEMBLY" originx="89.566929133857" originy="-63.779527559054" endx="-89.566929133857" endy="-63.779527559054" width="3.9370078740157" />
    <line layer="TOP_ASSEMBLY" originx="-89.566929133857" originy="-63.779527559054" endx="-89.566929133857" endy="63.779527559054" width="3.9370078740157" />
    <line layer="TOP_PLACE_BOUND" originx="-177.36220472441" originy="103.14960629921" endx="177.36220472441" endy="103.14960629921" width="3.9370078740157" />
    <line layer="TOP_PLACE_BOUND" originx="177.36220472441" originy="103.14960629921" endx="177.36220472441" endy="-103.14960629921" width="3.9370078740157" />
    <line layer="TOP_PLACE_BOUND" originx="177.36220472441" originy="-103.14960629921" endx="-177.36220472441" endy="-103.14960629921" width="3.9370078740157" />
    <line layer="TOP_PLACE_BOUND" originx="-177.36220472441" originy="-103.14960629921" endx="-177.36220472441" endy="103.14960629921" width="3.9370078740157" />
    <line layer="TOP_SILKSCREEN" originx="-59.055118110235" originy="63.779527559054" endx="59.055118110235" endy="63.779527559054" width="7.8740157480314" />
    <line layer="TOP_SILKSCREEN" originx="-59.055118110235" originy="-63.779527559054" endx="59.055118110235" endy="-63.779527559054" width="7.8740157480314" />
    <line layer="TOP_SILKSCREEN" originx="-157.48031496063" originy="3.9370078740157" endx="-157.48031496063" endy="3.9370078740157" width="7.8740157480314" />
    <arc layer="TOP_SILKSCREEN" originx="-157.48031496063" originy="0" startangle="90.0" sweepangle="180.0" radius="3.9370078740157" width="7.8740157480314" />
    <line layer="TOP_SILKSCREEN" originx="-157.48031496063" originy="-3.9370078740157" endx="-157.48031496063" endy="-3.9370078740157" width="7.8740157480314" />
    <arc layer="TOP_SILKSCREEN" originx="-157.48031496063" originy="0" startangle="-90.0" sweepangle="180.0" radius="3.9370078740157" width="7.8740157480314" />
  </footprint>
  <symbol name="1812L110_24DR" originx="0" originy="0">
    <line originx="200" originy="50" endx="500" endy="50" width="0" />
    <line originx="500" originy="-50" endx="500" endy="50" width="0" />
    <line originx="500" originy="-50" endx="200" endy="-50" width="0" />
    <line originx="200" originy="50" endx="200" endy="-50" width="0" />
    <line originx="220" originy="-80" endx="280" endy="-80" width="0" />
    <line originx="420" originy="80" endx="280" endy="-80" width="0" />
    <line originx="420" originy="80" endx="480" endy="80" width="0" />
    <sympin number="1" originx="200" originy="0" rotation="180" length="100" width="7.8740157480315" flipped="False">
      <text name="pinname" originx="0" originy="-10" style="Default" rotation="0" justify="upperleft" flipped="False" hidden="True" data="1" />
      <text name="pindes" originx="0" originy="10" style="Default" rotation="0" justify="lowerleft" flipped="False" hidden="False" data="1" />
    </sympin>
    <sympin number="2" originx="500" originy="0" rotation="0" length="100" width="7.8740157480315" flipped="False">
      <text name="pinname" originx="700" originy="-10" style="Default" rotation="0" justify="upperright" flipped="False" hidden="True" data="2" />
      <text name="pindes" originx="700" originy="10" style="Default" rotation="0" justify="lowerright" flipped="False" hidden="False" data="2" />
    </sympin>
  </symbol>
  <component name="1812L110_24DR" designatorprefix="F" height="49.212598425196" footprint="1812L010DR">
    <comppin designator="1" sympin="1" pinswap="0" gateswap="0" gate="1" group="1" side="" type="Any" name="1" />
    <comppin designator="2" sympin="2" pinswap="0" gateswap="0" gate="1" group="1" side="" type="Any" name="2" />
    <attached_symbol gate="1" name="1812L110_24DR" />
    <pinmap designator="1" footprintpin="1" />
    <pinmap designator="2" footprintpin="2" />
    <text name="Datasheet" originx="0" originy="0" style="Default" rotation="0" justify="" flipped="False" hidden="True" data="http://www.littelfuse.com/~/media/electronics/datasheets/resettable_ptcs/littelfuse_ptc_1812l_datasheet.pdf.pdf" />
    <text name="Description" originx="0" originy="0" style="Default" rotation="0" justify="" flipped="False" hidden="True" data="Resettable Fuses - PPTC PTC 24V POLY 1812 HALOGEN-FREE 1.10A" />
    <text name="Mouser Part Number" originx="0" originy="0" style="Default" rotation="0" justify="" flipped="False" hidden="True" data="576-1812L110/24DR" />
    <text name="Mouser Price/Stock" originx="0" originy="0" style="Default" rotation="0" justify="" flipped="False" hidden="True" data="https://www.mouser.co.uk/ProductDetail/Littelfuse/1812L110-24DR?qs=fp%2Fo%2FcJ74olDQ9douCTKCA%3D%3D" />
    <text name="Manufacturer_Name" originx="0" originy="0" style="Default" rotation="0" justify="" flipped="False" hidden="True" data="LITTELFUSE" />
    <text name="Manufacturer_Part_Number" originx="550" originy="150" style="Default" rotation="0" justify="left" flipped="False" hidden="False" data="1812L110/24DR" />
  </component>
</quadcept_library>
