<?xml version="1.0" encoding="utf-8"?>
<!--/312064/1039922/2.49/8/3/Connector/-->
<quadcept_library>
  <setting unit="mil" />
  <textstyle name="Default" height="47.244094488189" strokewidth="7.8740157480315" charwidth="47.244094488189" />
  <textstyle name="Dimension" height="19.6850393700787" strokewidth="0" charwidth="19.6850393700787" />
  <textstyle name="H127W0635TH00762" height="50" strokewidth="3" charwidth="25" />
  <textstyle name="H15W15TH02" height="59.0551181102362" strokewidth="7.8740157480315" charwidth="59.0551181102362" />
  <padstyle name="c150_h100" surface="False" plated="True" isvia="False" nopaste="True" nomask="True" complex="False" holesize="39.370078740157">
    <padshape layer="TOP" shape="round" width="59.055118110235" height="59.055118110235" />
    <padshape layer="TOP_SOLDER_MASK" shape="round" width="66.929133858267" height="66.929133858267" />
    <padshape layer="INNER" shape="round" width="59.055118110235" height="59.055118110235" />
    <padshape layer="BOTTOM" shape="round" width="59.055118110235" height="59.055118110235" />
    <padshape layer="BOTTOM_SOLDER_MASK" shape="round" width="66.929133858267" height="66.929133858267" />
  </padstyle>
  <padstyle name="c450_h320" surface="False" plated="True" isvia="False" nopaste="True" nomask="True" complex="False" holesize="125.9842519685">
    <padshape layer="TOP" shape="round" width="177.16535433071" height="177.16535433071" />
    <padshape layer="TOP_SOLDER_MASK" shape="round" width="185.03937007874" height="185.03937007874" />
    <padshape layer="INNER" shape="round" width="177.16535433071" height="177.16535433071" />
    <padshape layer="BOTTOM" shape="round" width="177.16535433071" height="177.16535433071" />
    <padshape layer="BOTTOM_SOLDER_MASK" shape="round" width="185.03937007874" height="185.03937007874" />
  </padstyle>
  <padstyle name="c240_h160" surface="False" plated="True" isvia="False" nopaste="True" nomask="True" complex="False" holesize="62.992125984251">
    <padshape layer="TOP" shape="round" width="94.488188976377" height="94.488188976377" />
    <padshape layer="TOP_SOLDER_MASK" shape="round" width="102.36220472441" height="102.36220472441" />
    <padshape layer="INNER" shape="round" width="94.488188976377" height="94.488188976377" />
    <padshape layer="BOTTOM" shape="round" width="94.488188976377" height="94.488188976377" />
    <padshape layer="BOTTOM_SOLDER_MASK" shape="round" width="102.36220472441" height="102.36220472441" />
  </padstyle>
  <footprint name="RJ45-8POS" originx="0" originy="0" pickpointx="0" pickpointy="0">
    <pcbpin number="1" name="1" style="c150_h100" originx="139.96062992126" originy="657.48031496062" rotation="90" />
    <pcbpin number="2" name="2" style="c150_h100" originx="189.96062992126" originy="757.48031496062" rotation="90" />
    <pcbpin number="3" name="3" style="c150_h100" originx="239.96062992126" originy="657.48031496062" rotation="90" />
    <pcbpin number="4" name="4" style="c150_h100" originx="289.96062992126" originy="757.48031496062" rotation="90" />
    <pcbpin number="5" name="5" style="c150_h100" originx="339.96062992126" originy="657.48031496062" rotation="90" />
    <pcbpin number="6" name="6" style="c150_h100" originx="389.96062992126" originy="757.48031496062" rotation="90" />
    <pcbpin number="7" name="7" style="c150_h100" originx="439.96062992125" originy="657.48031496062" rotation="90" />
    <pcbpin number="8" name="8" style="c150_h100" originx="489.96062992125" originy="757.48031496062" rotation="90" />
    <pcbpin number="9" name="9" style="c450_h320" originx="539.96062992125" originy="407.48031496062" rotation="90" />
    <pcbpin number="10" name="10" style="c450_h320" originx="89.960629921259" originy="407.48031496062" rotation="90" />
    <pcbpin number="11" name="11" style="c240_h160" originx="4.9212598425196" originy="287.40157480315" rotation="90" />
    <pcbpin number="12" name="12" style="c240_h160" originx="624.99999999999" originy="287.40157480315" rotation="90" />
    <line layer="TOP_ASSEMBLY" originx="0" originy="826.7716535433" endx="629.92125984251" endy="826.7716535433" width="7.8740157480314" />
    <line layer="TOP_ASSEMBLY" originx="629.92125984251" originy="826.7716535433" endx="629.92125984251" endy="0" width="7.8740157480314" />
    <line layer="TOP_ASSEMBLY" originx="629.92125984251" originy="0" endx="0" endy="0" width="7.8740157480314" />
    <line layer="TOP_ASSEMBLY" originx="0" originy="0" endx="0" endy="826.7716535433" width="7.8740157480314" />
    <line layer="TOP_SILKSCREEN" originx="0" originy="0" endx="629.92125984251" endy="0" width="7.8740157480314" />
    <line layer="TOP_SILKSCREEN" originx="0" originy="826.7716535433" endx="629.92125984251" endy="826.7716535433" width="7.8740157480314" />
    <line layer="TOP_SILKSCREEN" originx="0" originy="826.7716535433" endx="0" endy="480.7874015748" width="7.8740157480314" />
    <line layer="TOP_SILKSCREEN" originx="629.92125984251" originy="826.7716535433" endx="629.92125984251" endy="463.62204724409" width="7.8740157480314" />
    <line layer="TOP_SILKSCREEN" originx="0" originy="0" endx="0" endy="219.33070866141" width="7.8740157480314" />
    <line layer="TOP_SILKSCREEN" originx="629.92125984251" originy="0" endx="629.92125984251" endy="205.9842519685" width="7.8740157480314" />
  </footprint>
  <symbol name="1653087" originx="0" originy="0">
    <line originx="200" originy="100" endx="600" endy="100" width="0" />
    <line originx="600" originy="-400" endx="600" endy="100" width="0" />
    <line originx="600" originy="-400" endx="200" endy="-400" width="0" />
    <line originx="200" originy="100" endx="200" endy="-400" width="0" />
    <sympin number="1" originx="200" originy="0" rotation="180" length="100" width="7.8740157480315" flipped="False">
      <text name="pinname" originx="230" originy="0" style="Default" rotation="0" justify="left" flipped="False" hidden="False" data="1" />
      <text name="pindes" originx="140" originy="20" style="Default" rotation="0" justify="lowerright" flipped="False" hidden="False" data="1" />
    </sympin>
    <sympin number="2" originx="200" originy="-100" rotation="180" length="100" width="7.8740157480315" flipped="False">
      <text name="pinname" originx="230" originy="-100" style="Default" rotation="0" justify="left" flipped="False" hidden="False" data="2" />
      <text name="pindes" originx="140" originy="-80" style="Default" rotation="0" justify="lowerright" flipped="False" hidden="False" data="2" />
    </sympin>
    <sympin number="3" originx="200" originy="-200" rotation="180" length="100" width="7.8740157480315" flipped="False">
      <text name="pinname" originx="230" originy="-200" style="Default" rotation="0" justify="left" flipped="False" hidden="False" data="3" />
      <text name="pindes" originx="140" originy="-180" style="Default" rotation="0" justify="lowerright" flipped="False" hidden="False" data="3" />
    </sympin>
    <sympin number="4" originx="200" originy="-300" rotation="180" length="100" width="7.8740157480315" flipped="False">
      <text name="pinname" originx="230" originy="-300" style="Default" rotation="0" justify="left" flipped="False" hidden="False" data="4" />
      <text name="pindes" originx="140" originy="-280" style="Default" rotation="0" justify="lowerright" flipped="False" hidden="False" data="4" />
    </sympin>
    <sympin number="5" originx="600" originy="0" rotation="0" length="100" width="7.8740157480315" flipped="False">
      <text name="pinname" originx="570" originy="0" style="Default" rotation="0" justify="right" flipped="False" hidden="False" data="5" />
      <text name="pindes" originx="660" originy="20" style="Default" rotation="0" justify="lowerleft" flipped="False" hidden="False" data="5" />
    </sympin>
    <sympin number="6" originx="600" originy="-100" rotation="0" length="100" width="7.8740157480315" flipped="False">
      <text name="pinname" originx="570" originy="-100" style="Default" rotation="0" justify="right" flipped="False" hidden="False" data="6" />
      <text name="pindes" originx="660" originy="-80" style="Default" rotation="0" justify="lowerleft" flipped="False" hidden="False" data="6" />
    </sympin>
    <sympin number="7" originx="600" originy="-200" rotation="0" length="100" width="7.8740157480315" flipped="False">
      <text name="pinname" originx="570" originy="-200" style="Default" rotation="0" justify="right" flipped="False" hidden="False" data="7" />
      <text name="pindes" originx="660" originy="-180" style="Default" rotation="0" justify="lowerleft" flipped="False" hidden="False" data="7" />
    </sympin>
    <sympin number="8" originx="600" originy="-300" rotation="0" length="100" width="7.8740157480315" flipped="False">
      <text name="pinname" originx="570" originy="-300" style="Default" rotation="0" justify="right" flipped="False" hidden="False" data="8" />
      <text name="pindes" originx="660" originy="-280" style="Default" rotation="0" justify="lowerleft" flipped="False" hidden="False" data="8" />
    </sympin>
  </symbol>
  <component name="1653087" designatorprefix="J" height="0" footprint="RJ45-8POS">
    <comppin designator="1" sympin="1" pinswap="0" gateswap="0" gate="1" group="1" side="" type="Any" name="1" />
    <comppin designator="2" sympin="2" pinswap="0" gateswap="0" gate="1" group="1" side="" type="Any" name="2" />
    <comppin designator="3" sympin="3" pinswap="0" gateswap="0" gate="1" group="1" side="" type="Any" name="3" />
    <comppin designator="4" sympin="4" pinswap="0" gateswap="0" gate="1" group="1" side="" type="Any" name="4" />
    <comppin designator="5" sympin="5" pinswap="0" gateswap="0" gate="1" group="1" side="" type="Any" name="5" />
    <comppin designator="6" sympin="6" pinswap="0" gateswap="0" gate="1" group="1" side="" type="Any" name="6" />
    <comppin designator="7" sympin="7" pinswap="0" gateswap="0" gate="1" group="1" side="" type="Any" name="7" />
    <comppin designator="8" sympin="8" pinswap="0" gateswap="0" gate="1" group="1" side="" type="Any" name="8" />
    <attached_symbol gate="1" name="1653087" />
    <pinmap designator="1" footprintpin="1" />
    <pinmap designator="2" footprintpin="2" />
    <pinmap designator="3" footprintpin="3" />
    <pinmap designator="4" footprintpin="4" />
    <pinmap designator="5" footprintpin="5" />
    <pinmap designator="6" footprintpin="6" />
    <pinmap designator="7" footprintpin="7" />
    <pinmap designator="8" footprintpin="8" />
    <text name="Datasheet" originx="0" originy="0" style="Default" rotation="0" justify="" flipped="False" hidden="True" data="https://datasheet.datasheetarchive.com/originals/distributors/Datasheets-DGA5/408582.pdf" />
    <text name="Description" originx="0" originy="0" style="Default" rotation="0" justify="" flipped="False" hidden="True" data="RJ45 SOCKET INSERT, 8-POS.CAT6 RJ45 SOCKET INSERT, 8-POS.CAT6" />
    <text name="Mouser Part Number" originx="0" originy="0" style="Default" rotation="0" justify="" flipped="False" hidden="True" data="651-1653087" />
    <text name="Mouser Price/Stock" originx="0" originy="0" style="Default" rotation="0" justify="" flipped="False" hidden="True" data="https://www.mouser.co.uk/ProductDetail/Phoenix-Contact/1653087?qs=6%2FFeaQJ1IXiVYVH9tpK8sQ%3D%3D" />
    <text name="Manufacturer_Name" originx="0" originy="0" style="Default" rotation="0" justify="" flipped="False" hidden="True" data="Phoenix Contact" />
    <text name="Manufacturer_Part_Number" originx="650" originy="200" style="Default" rotation="0" justify="left" flipped="False" hidden="False" data="1653087" />
  </component>
</quadcept_library>
